user_id,category_id,ads
2,800,"[4 5 6]"
6,815,"[1 2 3]"
14,811,"[1 2 3]"
14,800,"[1 2 3]"
17,815,"[1 2 3]"
20,811,"[1 2 3]"
20,806,"[1 2 3]"
20,800,"[1 2 3]"
24,800,"[1 2 3]"
24,888,"[1 2 3]"
28,815,"[1 2 3]"
28,853,"[1 2 3]"
35,806,"[1 2 3]"
35,888,"[1 2 3]"
48,888,"[1 2 3]"
48,881,"[1 2 3]"
48,853,"[1 2 3]"
48,815,"[1 2 3]"
48,800,"[1 2 3]"
49,887,"[1 2 3]"
49,811,"[1 2 3]"
49,800,"[1 2 3]"
51,815,"[4 5 6]"
61,806,"[4 5 6]"
67,800,"[1 2 3]"
67,888,"[1 2 3]"
72,888,"[1 2 3]"
72,806,"[1 2 3]"
76,815,"[1 2 3]"
76,853,"[1 2 3]"
79,815,"[1 2 3]"
81,888,"[1 2 3]"
81,800,"[1 2 3]"
90,887,"[1 2 3]"
90,815,"[1 2 3]"
92,800,"[1 2 3]"
93,888,"[1 2 3]"
94,815,"[1 2 3]"
100,800,"[1 2 3]"
100,887,"[1 2 3]"
100,815,"[1 2 3]"
103,800,"[1 2 3]"
111,800,"[1 2 3]"
113,815,"[1 2 3]"
115,800,"[1 2 3]"
115,815,"[1 2 3]"
115,853,"[1 2 3]"
115,888,"[1 2 3]"
118,806,"[1 2 3]"
121,815,"[1 2 3]"
123,806,"[1 2 3]"
131,800,"[1 2 3]"
131,887,"[1 2 3]"
142,806,"[1 2 3]"
144,806,"[4 5 6]"
144,887,"[4 5 6]"
146,815,"[1 2 3]"
148,881,"[4 5 6]"
149,815,"[1 2 3]"
149,888,"[1 2 3]"
156,800,"[1 2 3]"
161,853,"[1 2 3]"
161,811,"[1 2 3]"
162,800,"[1 2 3]"
162,853,"[1 2 3]"
165,881,"[4 5 6]"
165,806,"[4 5 6]"
165,815,"[4 5 6]"
168,815,"[1 2 3]"
169,806,"[1 2 3]"
173,806,"[1 2 3]"
174,800,"[1 2 3]"
183,800,"[1 2 3]"
184,815,"[1 2 3]"
186,800,"[1 2 3]"
186,853,"[1 2 3]"
186,815,"[1 2 3]"
188,815,"[1 2 3]"
192,887,"[1 2 3]"
192,888,"[1 2 3]"
195,806,"[1 2 3]"
203,800,"[1 2 3]"
205,362,"[1 2 3]"
205,800,"[1 2 3]"
207,815,"[1 2 3]"
210,811,"[1 2 3]"
210,800,"[1 2 3]"
213,806,"[1 2 3]"
214,806,"[1 2 3]"
215,815,"[1 2 3]"
220,800,"[4 5 6]"
231,800,"[1 2 3]"
234,815,"[1 2 3]"
234,853,"[1 2 3]"
238,888,"[1 2 3]"
238,806,"[1 2 3]"
245,888,"[1 2 3]"
249,806,"[1 2 3]"
249,815,"[1 2 3]"
253,362,"[1 2 3]"
253,815,"[1 2 3]"
253,888,"[1 2 3]"
256,800,"[1 2 3]"
259,800,"[1 2 3]"
269,815,"[1 2 3]"
269,362,"[1 2 3]"
269,800,"[1 2 3]"
270,806,"[4 5 6]"
274,800,"[1 2 3]"
277,815,"[1 2 3]"
278,881,"[1 2 3]"
279,853,"[1 2 3]"
279,815,"[1 2 3]"
280,888,"[1 2 3]"
280,806,"[1 2 3]"
280,800,"[1 2 3]"
283,888,"[1 2 3]"
283,815,"[1 2 3]"
283,806,"[1 2 3]"
287,362,"[4 5 6]"
291,806,"[4 5 6]"
293,806,"[1 2 3]"
295,815,"[1 2 3]"
297,800,"[4 5 6]"
299,887,"[4 5 6]"
305,806,"[1 2 3]"
310,815,"[1 2 3]"
310,811,"[1 2 3]"
316,806,"[1 2 3]"
317,853,"[4 5 6]"
317,815,"[4 5 6]"
317,887,"[4 5 6]"
317,881,"[4 5 6]"
318,859,"[1 2 3]"
323,887,"[1 2 3]"
323,800,"[1 2 3]"
328,853,"[1 2 3]"
333,815,"[1 2 3]"
333,800,"[1 2 3]"
338,888,"[1 2 3]"
338,859,"[1 2 3]"
338,800,"[1 2 3]"
341,815,"[1 2 3]"
345,853,"[1 2 3]"
351,887,"[1 2 3]"
354,800,"[1 2 3]"
357,362,"[1 2 3]"
358,362,"[1 2 3]"
358,806,"[1 2 3]"
361,806,"[1 2 3]"
361,859,"[1 2 3]"
363,853,"[1 2 3]"
365,806,"[1 2 3]"
365,815,"[1 2 3]"
372,806,"[1 2 3]"
373,887,"[1 2 3]"
373,888,"[1 2 3]"
373,800,"[1 2 3]"
374,815,"[1 2 3]"
374,853,"[1 2 3]"
376,800,"[4 5 6]"
381,815,"[1 2 3]"
383,806,"[1 2 3]"
393,806,"[1 2 3]"
394,800,"[1 2 3]"
400,888,"[1 2 3]"
400,815,"[1 2 3]"
402,853,"[4 5 6]"
402,887,"[4 5 6]"
404,815,"[1 2 3]"
415,815,"[1 2 3]"
415,806,"[1 2 3]"
416,815,"[1 2 3]"
421,888,"[1 2 3]"
429,806,"[1 2 3]"
431,806,"[1 2 3]"
441,800,"[1 2 3]"
441,888,"[1 2 3]"
441,806,"[1 2 3]"
443,815,"[4 5 6]"
445,806,"[1 2 3]"
445,815,"[1 2 3]"
445,853,"[1 2 3]"
446,815,"[1 2 3]"
446,806,"[1 2 3]"
447,806,"[1 2 3]"
449,800,"[4 5 6]"
451,811,"[1 2 3]"
451,800,"[1 2 3]"
451,853,"[1 2 3]"
457,806,"[4 5 6]"
463,888,"[1 2 3]"
463,800,"[1 2 3]"
466,888,"[1 2 3]"
466,853,"[1 2 3]"
474,806,"[1 2 3]"
477,811,"[4 5 6]"
479,800,"[1 2 3]"
492,806,"[1 2 3]"
492,815,"[1 2 3]"
499,806,"[1 2 3]"
499,815,"[1 2 3]"
499,888,"[1 2 3]"
504,800,"[4 5 6]"
505,888,"[1 2 3]"
508,806,"[1 2 3]"
509,853,"[1 2 3]"
509,815,"[1 2 3]"
511,806,"[1 2 3]"
512,806,"[4 5 6]"
513,887,"[1 2 3]"
513,806,"[1 2 3]"
514,859,"[1 2 3]"
519,800,"[1 2 3]"
520,888,"[1 2 3]"
520,800,"[1 2 3]"
523,362,"[1 2 3]"
526,881,"[4 5 6]"
526,853,"[4 5 6]"
526,806,"[4 5 6]"
539,800,"[1 2 3]"
543,800,"[1 2 3]"
546,815,"[1 2 3]"
550,887,"[1 2 3]"
550,815,"[1 2 3]"
551,888,"[1 2 3]"
551,800,"[1 2 3]"
551,887,"[1 2 3]"
551,806,"[1 2 3]"
552,806,"[1 2 3]"
552,887,"[1 2 3]"
553,815,"[1 2 3]"
559,811,"[1 2 3]"
562,853,"[1 2 3]"
562,887,"[1 2 3]"
562,362,"[1 2 3]"
568,806,"[1 2 3]"
572,362,"[1 2 3]"
573,811,"[1 2 3]"
573,362,"[1 2 3]"
575,888,"[1 2 3]"
576,806,"[1 2 3]"
580,815,"[1 2 3]"
582,806,"[1 2 3]"
589,806,"[1 2 3]"
593,800,"[1 2 3]"
593,881,"[1 2 3]"
593,888,"[1 2 3]"
594,888,"[1 2 3]"
594,815,"[1 2 3]"
595,800,"[1 2 3]"
607,806,"[1 2 3]"
608,815,"[1 2 3]"
613,815,"[1 2 3]"
623,800,"[1 2 3]"
629,815,"[1 2 3]"
639,888,"[1 2 3]"
639,800,"[1 2 3]"
639,362,"[1 2 3]"
647,888,"[1 2 3]"
647,815,"[1 2 3]"
647,811,"[1 2 3]"
648,888,"[4 5 6]"
648,815,"[4 5 6]"
653,800,"[1 2 3]"
653,815,"[1 2 3]"
655,881,"[1 2 3]"
655,888,"[1 2 3]"
655,362,"[1 2 3]"
659,815,"[1 2 3]"
659,888,"[1 2 3]"
662,888,"[1 2 3]"
663,800,"[1 2 3]"
663,806,"[1 2 3]"
663,881,"[1 2 3]"
665,815,"[1 2 3]"
665,806,"[1 2 3]"
667,800,"[4 5 6]"
677,815,"[1 2 3]"
677,806,"[1 2 3]"
677,362,"[1 2 3]"
684,888,"[1 2 3]"
684,806,"[1 2 3]"
684,800,"[1 2 3]"
687,853,"[4 5 6]"
687,881,"[4 5 6]"
688,800,"[1 2 3]"
693,806,"[1 2 3]"
700,888,"[1 2 3]"
707,859,"[1 2 3]"
707,800,"[1 2 3]"
714,806,"[1 2 3]"
716,800,"[4 5 6]"
728,815,"[1 2 3]"
729,888,"[1 2 3]"
729,815,"[1 2 3]"
730,800,"[1 2 3]"
733,853,"[4 5 6]"
733,815,"[4 5 6]"
745,800,"[1 2 3]"
745,859,"[1 2 3]"
750,887,"[1 2 3]"
750,853,"[1 2 3]"
752,888,"[1 2 3]"
752,815,"[1 2 3]"
759,806,"[1 2 3]"
759,815,"[1 2 3]"
759,887,"[1 2 3]"
764,888,"[1 2 3]"
765,888,"[1 2 3]"
766,815,"[1 2 3]"
777,888,"[1 2 3]"
777,815,"[1 2 3]"
779,800,"[4 5 6]"
779,881,"[4 5 6]"
786,815,"[1 2 3]"
787,853,"[1 2 3]"
794,881,"[1 2 3]"
796,815,"[1 2 3]"
800,815,"[1 2 3]"
800,800,"[1 2 3]"
807,888,"[4 5 6]"
812,800,"[1 2 3]"
816,859,"[1 2 3]"
820,806,"[1 2 3]"
824,815,"[1 2 3]"
834,815,"[1 2 3]"
835,806,"[1 2 3]"
837,815,"[1 2 3]"
838,815,"[1 2 3]"
840,800,"[1 2 3]"
847,815,"[1 2 3]"
850,815,"[1 2 3]"
852,815,"[1 2 3]"
859,800,"[1 2 3]"
860,815,"[1 2 3]"
863,800,"[1 2 3]"
867,853,"[1 2 3]"
868,800,"[1 2 3]"
875,887,"[1 2 3]"
876,815,"[1 2 3]"
879,806,"[1 2 3]"
882,806,"[4 5 6]"
882,800,"[4 5 6]"
882,853,"[4 5 6]"
884,815,"[1 2 3]"
886,859,"[1 2 3]"
887,859,"[1 2 3]"
891,815,"[4 5 6]"
891,888,"[4 5 6]"
899,806,"[1 2 3]"
904,815,"[1 2 3]"
906,881,"[1 2 3]"
919,800,"[1 2 3]"
922,800,"[1 2 3]"
931,887,"[1 2 3]"
937,800,"[1 2 3]"
937,362,"[1 2 3]"
942,362,"[1 2 3]"
960,362,"[1 2 3]"
965,800,"[1 2 3]"
965,811,"[1 2 3]"
966,806,"[1 2 3]"
967,806,"[4 5 6]"
967,815,"[4 5 6]"
967,888,"[4 5 6]"
976,362,"[1 2 3]"
982,815,"[4 5 6]"
988,815,"[1 2 3]"
995,888,"[1 2 3]"
997,815,"[1 2 3]"
997,811,"[1 2 3]"
1000,800,"[1 2 3]"
1000,815,"[1 2 3]"
1002,815,"[1 2 3]"
1002,800,"[1 2 3]"
1005,888,"[4 5 6]"
1006,806,"[4 5 6]"
1007,806,"[1 2 3]"
1009,887,"[1 2 3]"
1009,888,"[1 2 3]"
1015,800,"[1 2 3]"
1015,815,"[1 2 3]"
1015,853,"[1 2 3]"
1015,888,"[1 2 3]"
1018,362,"[1 2 3]"
1020,800,"[4 5 6]"
1020,888,"[4 5 6]"
1035,888,"[1 2 3]"
1042,800,"[1 2 3]"
1054,859,"[1 2 3]"
1055,853,"[1 2 3]"
1057,806,"[1 2 3]"
1057,815,"[1 2 3]"
1062,888,"[4 5 6]"
1062,800,"[4 5 6]"
1067,806,"[1 2 3]"
1073,800,"[1 2 3]"
1075,881,"[1 2 3]"
1078,888,"[1 2 3]"
1078,815,"[1 2 3]"
1079,362,"[1 2 3]"
1086,800,"[1 2 3]"
1088,888,"[1 2 3]"
1093,815,"[1 2 3]"
1103,888,"[1 2 3]"
1103,881,"[1 2 3]"
1103,362,"[1 2 3]"
1103,815,"[1 2 3]"
1109,811,"[1 2 3]"
1110,815,"[1 2 3]"
1113,815,"[4 5 6]"
1113,806,"[4 5 6]"
1113,888,"[4 5 6]"
1115,815,"[1 2 3]"
1115,806,"[1 2 3]"
1116,815,"[1 2 3]"
1118,888,"[1 2 3]"
1120,815,"[1 2 3]"
1125,811,"[1 2 3]"
1125,800,"[1 2 3]"
1125,881,"[1 2 3]"
1127,815,"[1 2 3]"
1129,888,"[1 2 3]"
1129,815,"[1 2 3]"
1131,800,"[1 2 3]"
1137,800,"[4 5 6]"
1141,888,"[1 2 3]"
1141,815,"[1 2 3]"
1143,888,"[1 2 3]"
1143,815,"[1 2 3]"
1150,815,"[1 2 3]"
1150,853,"[1 2 3]"
1150,806,"[1 2 3]"
1151,888,"[1 2 3]"
1151,853,"[1 2 3]"
1151,815,"[1 2 3]"
1156,806,"[1 2 3]"
1159,815,"[4 5 6]"
1166,815,"[1 2 3]"
1171,362,"[1 2 3]"
1175,800,"[1 2 3]"
1175,811,"[1 2 3]"
1177,853,"[1 2 3]"
1178,859,"[1 2 3]"
1178,800,"[1 2 3]"
1178,362,"[1 2 3]"
1178,806,"[1 2 3]"
1180,815,"[4 5 6]"
1183,815,"[1 2 3]"
1190,806,"[1 2 3]"
1190,800,"[1 2 3]"
1200,800,"[4 5 6]"
1200,806,"[4 5 6]"
1200,815,"[4 5 6]"
1200,888,"[4 5 6]"
1203,815,"[1 2 3]"
1203,888,"[1 2 3]"
1203,881,"[1 2 3]"
1204,800,"[1 2 3]"
1204,811,"[1 2 3]"
1205,806,"[4 5 6]"
1206,887,"[1 2 3]"
1206,800,"[1 2 3]"
1214,800,"[1 2 3]"
1214,806,"[1 2 3]"
1214,853,"[1 2 3]"
1217,800,"[1 2 3]"
1223,887,"[4 5 6]"
1223,815,"[4 5 6]"
1223,806,"[4 5 6]"
1227,815,"[1 2 3]"
1227,888,"[1 2 3]"
1229,800,"[1 2 3]"
1229,859,"[1 2 3]"
1237,800,"[1 2 3]"
1237,815,"[1 2 3]"
1238,887,"[1 2 3]"
1240,888,"[1 2 3]"
1240,800,"[1 2 3]"
1242,815,"[1 2 3]"
1242,887,"[1 2 3]"
1242,853,"[1 2 3]"
1242,362,"[1 2 3]"
1247,800,"[1 2 3]"
1247,806,"[1 2 3]"
1247,887,"[1 2 3]"
1247,815,"[1 2 3]"
1252,888,"[4 5 6]"
1252,815,"[4 5 6]"
1254,806,"[1 2 3]"
1254,887,"[1 2 3]"
1256,811,"[1 2 3]"
1261,815,"[1 2 3]"
1265,800,"[1 2 3]"
1265,806,"[1 2 3]"
1267,811,"[1 2 3]"
1267,806,"[1 2 3]"
1267,800,"[1 2 3]"
1267,362,"[1 2 3]"
1270,815,"[1 2 3]"
1271,815,"[1 2 3]"
1274,800,"[4 5 6]"
1274,811,"[4 5 6]"
1274,881,"[4 5 6]"
1274,887,"[4 5 6]"
1276,806,"[1 2 3]"
1276,362,"[1 2 3]"
1278,888,"[1 2 3]"
1278,815,"[1 2 3]"
1285,806,"[1 2 3]"
1286,806,"[1 2 3]"
1287,800,"[1 2 3]"
1289,815,"[1 2 3]"
1297,806,"[1 2 3]"
1302,806,"[1 2 3]"
1302,800,"[1 2 3]"
1302,815,"[1 2 3]"
1309,853,"[1 2 3]"
1314,806,"[1 2 3]"
1318,815,"[1 2 3]"
1319,806,"[1 2 3]"
1323,806,"[1 2 3]"
1329,888,"[4 5 6]"
1336,811,"[4 5 6]"
1336,800,"[4 5 6]"
1342,887,"[1 2 3]"
1348,800,"[1 2 3]"
1350,800,"[4 5 6]"
1351,853,"[1 2 3]"
1355,888,"[1 2 3]"
1355,815,"[1 2 3]"
1355,800,"[1 2 3]"
1355,362,"[1 2 3]"
1360,815,"[1 2 3]"
1361,888,"[4 5 6]"
1361,811,"[4 5 6]"
1362,800,"[1 2 3]"
1369,800,"[1 2 3]"
1375,800,"[1 2 3]"
1379,800,"[1 2 3]"
1380,815,"[1 2 3]"
1380,806,"[1 2 3]"
1380,887,"[1 2 3]"
1381,815,"[1 2 3]"
1390,853,"[4 5 6]"
1391,859,"[1 2 3]"
1391,815,"[1 2 3]"
1391,888,"[1 2 3]"
1391,800,"[1 2 3]"
1398,888,"[1 2 3]"
1398,853,"[1 2 3]"
1398,815,"[1 2 3]"
1398,806,"[1 2 3]"
1399,853,"[1 2 3]"
1399,800,"[1 2 3]"
1402,888,"[1 2 3]"
1402,815,"[1 2 3]"
1402,806,"[1 2 3]"
1402,853,"[1 2 3]"
1406,800,"[1 2 3]"
1411,800,"[1 2 3]"
1415,800,"[1 2 3]"
1415,888,"[1 2 3]"
1415,853,"[1 2 3]"
1415,811,"[1 2 3]"
1417,815,"[1 2 3]"
1418,815,"[1 2 3]"
1421,806,"[1 2 3]"
1421,362,"[1 2 3]"
1421,888,"[1 2 3]"
1421,800,"[1 2 3]"
1425,888,"[1 2 3]"
1425,800,"[1 2 3]"
1426,800,"[1 2 3]"
1433,806,"[1 2 3]"
1439,815,"[1 2 3]"
1446,888,"[1 2 3]"
1450,800,"[4 5 6]"
1451,888,"[1 2 3]"
1451,815,"[1 2 3]"
1457,806,"[1 2 3]"
1469,800,"[4 5 6]"
1470,806,"[1 2 3]"
1470,815,"[1 2 3]"
1473,815,"[4 5 6]"
1481,800,"[1 2 3]"
1482,815,"[1 2 3]"
1482,888,"[1 2 3]"
1486,362,"[1 2 3]"
1486,887,"[1 2 3]"
1489,853,"[1 2 3]"
1489,800,"[1 2 3]"
1489,806,"[1 2 3]"
1489,362,"[1 2 3]"
1489,887,"[1 2 3]"
1495,806,"[1 2 3]"
1501,800,"[4 5 6]"
1506,853,"[1 2 3]"
1511,853,"[1 2 3]"
1518,800,"[1 2 3]"
1518,881,"[1 2 3]"
1521,806,"[1 2 3]"
1521,888,"[1 2 3]"
1528,800,"[4 5 6]"
1529,888,"[1 2 3]"
1531,815,"[4 5 6]"
1534,800,"[1 2 3]"
1545,811,"[1 2 3]"
1549,362,"[1 2 3]"
1550,881,"[1 2 3]"
1551,815,"[1 2 3]"
1556,806,"[1 2 3]"
1556,887,"[1 2 3]"
1557,811,"[1 2 3]"
1567,815,"[1 2 3]"
1570,811,"[1 2 3]"
1570,815,"[1 2 3]"
1570,800,"[1 2 3]"
1570,888,"[1 2 3]"
1570,806,"[1 2 3]"
1572,815,"[1 2 3]"
1573,806,"[1 2 3]"
1573,815,"[1 2 3]"
1574,806,"[1 2 3]"
1574,815,"[1 2 3]"
1575,888,"[1 2 3]"
1575,800,"[1 2 3]"
1575,815,"[1 2 3]"
1575,887,"[1 2 3]"
1575,811,"[1 2 3]"
1580,888,"[1 2 3]"
1580,815,"[1 2 3]"
1583,806,"[1 2 3]"
1586,815,"[1 2 3]"
1600,815,"[1 2 3]"
1601,800,"[1 2 3]"
1601,811,"[1 2 3]"
1613,853,"[1 2 3]"
1625,881,"[1 2 3]"
1625,806,"[1 2 3]"
1625,815,"[1 2 3]"
1625,800,"[1 2 3]"
1633,887,"[1 2 3]"
1633,815,"[1 2 3]"
1633,888,"[1 2 3]"
1636,806,"[1 2 3]"
1646,800,"[1 2 3]"
1646,815,"[1 2 3]"
1647,888,"[1 2 3]"
1651,881,"[4 5 6]"
1652,815,"[1 2 3]"
1657,888,"[1 2 3]"
1657,853,"[1 2 3]"
1657,815,"[1 2 3]"
1657,806,"[1 2 3]"
1666,800,"[1 2 3]"
1674,811,"[1 2 3]"
1674,888,"[1 2 3]"
1674,815,"[1 2 3]"
1675,806,"[1 2 3]"
1678,815,"[1 2 3]"
1678,853,"[1 2 3]"
1682,815,"[1 2 3]"
1685,806,"[1 2 3]"
1688,853,"[1 2 3]"
1688,815,"[1 2 3]"
1693,881,"[1 2 3]"
1693,853,"[1 2 3]"
1694,888,"[4 5 6]"
1701,815,"[4 5 6]"
1701,853,"[4 5 6]"
1701,887,"[4 5 6]"
1702,800,"[1 2 3]"
1705,815,"[1 2 3]"
1706,362,"[1 2 3]"
1707,800,"[1 2 3]"
1709,800,"[4 5 6]"
1710,800,"[1 2 3]"
1712,800,"[1 2 3]"
1713,888,"[1 2 3]"
1713,853,"[1 2 3]"
1713,806,"[1 2 3]"
1714,362,"[1 2 3]"
1718,853,"[1 2 3]"
1718,815,"[1 2 3]"
1724,859,"[1 2 3]"
1724,800,"[1 2 3]"
1729,800,"[1 2 3]"
1730,815,"[1 2 3]"
1730,881,"[1 2 3]"
1730,888,"[1 2 3]"
1733,815,"[1 2 3]"
1734,815,"[4 5 6]"
1736,853,"[4 5 6]"
1736,806,"[4 5 6]"
1736,815,"[4 5 6]"
1741,859,"[1 2 3]"
1749,859,"[1 2 3]"
1749,887,"[1 2 3]"
1749,853,"[1 2 3]"
1755,859,"[1 2 3]"
1761,806,"[1 2 3]"
1763,800,"[1 2 3]"
1764,888,"[1 2 3]"
1769,800,"[1 2 3]"
1769,806,"[1 2 3]"
1772,800,"[1 2 3]"
1772,888,"[1 2 3]"
1780,888,"[1 2 3]"
1781,888,"[1 2 3]"
1781,800,"[1 2 3]"
1781,815,"[1 2 3]"
1785,853,"[1 2 3]"
1785,806,"[1 2 3]"
1785,800,"[1 2 3]"
1792,853,"[1 2 3]"
1792,806,"[1 2 3]"
1792,888,"[1 2 3]"
1797,881,"[4 5 6]"
1797,815,"[4 5 6]"
1797,800,"[4 5 6]"
1797,806,"[4 5 6]"
1802,815,"[1 2 3]"
1803,806,"[1 2 3]"
1805,815,"[1 2 3]"
1807,815,"[1 2 3]"
1810,887,"[4 5 6]"
1812,888,"[1 2 3]"
1814,887,"[1 2 3]"
1816,859,"[1 2 3]"
1817,815,"[1 2 3]"
1824,800,"[4 5 6]"
1830,853,"[1 2 3]"
1830,800,"[1 2 3]"
1830,887,"[1 2 3]"
1830,881,"[1 2 3]"
1843,853,"[4 5 6]"
1843,806,"[4 5 6]"
1845,815,"[1 2 3]"
1848,888,"[1 2 3]"
1856,815,"[1 2 3]"
1868,362,"[1 2 3]"
1868,806,"[1 2 3]"
1868,853,"[1 2 3]"
1873,815,"[1 2 3]"
1873,888,"[1 2 3]"
1880,815,"[1 2 3]"
1889,800,"[1 2 3]"
1889,881,"[1 2 3]"
1889,888,"[1 2 3]"
1895,815,"[1 2 3]"
1896,815,"[1 2 3]"
1902,881,"[1 2 3]"
1902,806,"[1 2 3]"
1919,362,"[1 2 3]"
1919,800,"[1 2 3]"
1923,853,"[4 5 6]"
1924,887,"[1 2 3]"
1928,815,"[1 2 3]"
1929,881,"[1 2 3]"
1936,362,"[1 2 3]"
1937,887,"[1 2 3]"
1937,362,"[1 2 3]"
1938,362,"[1 2 3]"
1943,853,"[1 2 3]"
1946,800,"[4 5 6]"
1949,888,"[1 2 3]"
1951,362,"[1 2 3]"
1954,888,"[1 2 3]"
1954,815,"[1 2 3]"
1963,806,"[1 2 3]"
1966,815,"[1 2 3]"
1975,806,"[1 2 3]"
1976,888,"[1 2 3]"
1976,815,"[1 2 3]"
1985,800,"[1 2 3]"
1991,888,"[1 2 3]"
1991,881,"[1 2 3]"
1991,853,"[1 2 3]"
1992,362,"[1 2 3]"
1992,806,"[1 2 3]"
2000,881,"[1 2 3]"
2000,806,"[1 2 3]"
2000,362,"[1 2 3]"
2000,887,"[1 2 3]"
2001,806,"[1 2 3]"
2002,815,"[4 5 6]"
2002,806,"[4 5 6]"
2002,888,"[4 5 6]"
2005,815,"[1 2 3]"
2005,853,"[1 2 3]"
2005,888,"[1 2 3]"
2014,806,"[4 5 6]"
2014,800,"[4 5 6]"
2015,800,"[1 2 3]"
2015,887,"[1 2 3]"
2015,806,"[1 2 3]"
2019,800,"[1 2 3]"
2022,800,"[1 2 3]"
2022,853,"[1 2 3]"
2022,815,"[1 2 3]"
2022,806,"[1 2 3]"
2029,811,"[1 2 3]"
2029,800,"[1 2 3]"
2029,806,"[1 2 3]"
2029,888,"[1 2 3]"
2029,887,"[1 2 3]"
2034,811,"[1 2 3]"
2042,815,"[4 5 6]"
2042,853,"[4 5 6]"
2053,811,"[4 5 6]"
2053,806,"[4 5 6]"
2057,815,"[1 2 3]"
2058,888,"[1 2 3]"
2060,800,"[1 2 3]"
2062,888,"[1 2 3]"
2069,815,"[1 2 3]"
2069,811,"[1 2 3]"
2071,811,"[1 2 3]"
2071,815,"[1 2 3]"
2071,888,"[1 2 3]"
2078,888,"[1 2 3]"
2078,800,"[1 2 3]"
2080,800,"[1 2 3]"
2084,806,"[1 2 3]"
2088,888,"[1 2 3]"
2089,888,"[1 2 3]"
2091,800,"[1 2 3]"
2091,806,"[1 2 3]"
2092,853,"[1 2 3]"
2096,806,"[1 2 3]"
2104,800,"[1 2 3]"
2106,815,"[1 2 3]"
2109,806,"[1 2 3]"
2110,362,"[1 2 3]"
2110,881,"[1 2 3]"
2110,888,"[1 2 3]"
2110,806,"[1 2 3]"
2113,888,"[4 5 6]"
2114,888,"[1 2 3]"
2114,362,"[1 2 3]"
2117,800,"[1 2 3]"
2117,811,"[1 2 3]"
2118,853,"[4 5 6]"
2122,362,"[1 2 3]"
2122,887,"[1 2 3]"
2122,806,"[1 2 3]"
2138,853,"[1 2 3]"
2143,815,"[1 2 3]"
2143,800,"[1 2 3]"
2144,887,"[1 2 3]"
2145,815,"[1 2 3]"
2148,888,"[1 2 3]"
2152,800,"[4 5 6]"
2153,815,"[1 2 3]"
2165,881,"[4 5 6]"
2174,815,"[4 5 6]"
2184,815,"[1 2 3]"
2184,859,"[1 2 3]"
2184,806,"[1 2 3]"
2186,800,"[1 2 3]"
2188,853,"[1 2 3]"
2188,815,"[1 2 3]"
2200,800,"[1 2 3]"
2201,800,"[4 5 6]"
2203,853,"[1 2 3]"
2205,806,"[1 2 3]"
2218,853,"[1 2 3]"
2221,853,"[4 5 6]"
2222,800,"[1 2 3]"
2226,800,"[1 2 3]"
2227,881,"[1 2 3]"
2228,806,"[1 2 3]"
2234,815,"[1 2 3]"
2235,806,"[1 2 3]"
2235,800,"[1 2 3]"
2237,806,"[1 2 3]"
2239,888,"[4 5 6]"
2246,853,"[1 2 3]"
2246,806,"[1 2 3]"
2248,362,"[1 2 3]"
2251,815,"[1 2 3]"
2252,853,"[1 2 3]"
2270,888,"[1 2 3]"
2271,888,"[1 2 3]"
2273,362,"[1 2 3]"
2279,800,"[1 2 3]"
2284,859,"[1 2 3]"
2299,811,"[1 2 3]"
2303,881,"[1 2 3]"
2311,806,"[1 2 3]"
2311,800,"[1 2 3]"
2317,815,"[4 5 6]"
2317,888,"[4 5 6]"
2317,806,"[4 5 6]"
2319,806,"[1 2 3]"
2320,800,"[4 5 6]"
2338,806,"[1 2 3]"
2338,815,"[1 2 3]"
2340,815,"[1 2 3]"
2347,815,"[1 2 3]"
2347,859,"[1 2 3]"
2356,362,"[4 5 6]"
2357,806,"[1 2 3]"
2359,815,"[4 5 6]"
2363,859,"[4 5 6]"
2368,888,"[1 2 3]"
2368,815,"[1 2 3]"
2368,806,"[1 2 3]"
2370,815,"[1 2 3]"
2373,888,"[1 2 3]"
2373,887,"[1 2 3]"
2373,815,"[1 2 3]"
2378,362,"[1 2 3]"
2380,881,"[1 2 3]"
2383,362,"[1 2 3]"
2384,815,"[1 2 3]"
2388,362,"[1 2 3]"
2388,800,"[1 2 3]"
2404,815,"[4 5 6]"
2404,800,"[4 5 6]"
2406,806,"[4 5 6]"
2412,881,"[1 2 3]"
2414,800,"[4 5 6]"
2417,800,"[1 2 3]"
2424,853,"[4 5 6]"
2424,362,"[4 5 6]"
2424,881,"[4 5 6]"
2426,362,"[1 2 3]"
2437,887,"[1 2 3]"
2438,800,"[1 2 3]"
2448,800,"[4 5 6]"
2448,815,"[4 5 6]"
2448,881,"[4 5 6]"
2450,811,"[1 2 3]"
2450,815,"[1 2 3]"
2451,800,"[1 2 3]"
2451,806,"[1 2 3]"
2451,881,"[1 2 3]"
2451,888,"[1 2 3]"
2454,881,"[1 2 3]"
2454,811,"[1 2 3]"
2459,815,"[1 2 3]"
2464,806,"[1 2 3]"
2480,800,"[1 2 3]"
2481,806,"[1 2 3]"
2490,881,"[1 2 3]"
2493,815,"[1 2 3]"
2494,815,"[1 2 3]"
2496,800,"[1 2 3]"
2499,888,"[1 2 3]"
2499,800,"[1 2 3]"
2499,806,"[1 2 3]"
2502,815,"[4 5 6]"
2512,815,"[1 2 3]"
2517,800,"[1 2 3]"
2517,815,"[1 2 3]"
2521,815,"[1 2 3]"
2529,815,"[1 2 3]"
2531,800,"[1 2 3]"
2534,888,"[1 2 3]"
2534,362,"[1 2 3]"
2534,800,"[1 2 3]"
2534,806,"[1 2 3]"
2534,815,"[1 2 3]"
2534,887,"[1 2 3]"
2535,800,"[1 2 3]"
2535,888,"[1 2 3]"
2535,811,"[1 2 3]"
2535,815,"[1 2 3]"
2535,853,"[1 2 3]"
2541,800,"[1 2 3]"
2541,811,"[1 2 3]"
2550,362,"[1 2 3]"
2551,800,"[4 5 6]"
2554,362,"[1 2 3]"
2554,806,"[1 2 3]"
2563,362,"[4 5 6]"
2563,800,"[4 5 6]"
2565,853,"[1 2 3]"
2565,815,"[1 2 3]"
2574,811,"[1 2 3]"
2574,815,"[1 2 3]"
2574,888,"[1 2 3]"
2574,800,"[1 2 3]"
2574,806,"[1 2 3]"
2575,800,"[1 2 3]"
2575,806,"[1 2 3]"
2575,362,"[1 2 3]"
2576,800,"[4 5 6]"
2576,362,"[4 5 6]"
2589,811,"[1 2 3]"
2595,815,"[1 2 3]"
2599,806,"[1 2 3]"
2599,800,"[1 2 3]"
2603,888,"[1 2 3]"
2620,887,"[1 2 3]"
2621,815,"[1 2 3]"
2627,887,"[1 2 3]"